letters,panagrams
MACIOTX,AXIOMATIC
ABIRTUY,TRIBUTARY
OAEFGLP,FLAGPOLE
UAELNTX,EXULTANT
ACDIJLU,JUDICIAL
KABCOTU,OUTBACK
UACKLNO,UNCLOAK
VAEGINW,WEAVING
EACLNOW,ALLOWANCE
NABLOTY,NOTABLY
CEFINTV,INEFFECTIVE|INFECTIVE
FEGILNU,ENGULFING|FUELING|FUNNELING|UNFEELING
MEILNPT,IMPLEMENT
OAGHPRT,PHOTOGRAPH
BDEGILO,OBLIGED
UADLMOR,MODULAR
IAEGLTY,ILLEGALITY|LEGALITY
BAILNPT,PAINTBALL
DACGINR,CARDIGAN|CARDING
VEILNOT,NONVIOLENT|VIOLENT
RACDHIN,ARACHNID
GEIMNTZ,ITEMIZING
MDEILNW,WINDMILLED
IACENTY,TENACITY
VDELNOP,ENVELOPED
HABILTU,HABITUAL|HALIBUT
IACFLNU,FANCIFUL
EAIKLTV,TALKATIVE
CAINRTU,CURTAIN|TACITURN
IABLTVY,AVAILABILITY|LIVABILITY|VIABILITY
YAEHNPT,HYPHENATE
NAIJORT,JANITOR
ODIMRTY,DORMITORY
GACIKMN,NICKNAMING
RADGNOU,AGROUND
IDENOPW,PINEWOOD
HABLMOT,MOTHBALL
PCEMNOT,COMPETENCE|COMPETENT|COMPONENT|CONTEMPT|NONCOMPETE
FABEILX,FIXABLE
IACHNTY,HYACINTH
OADEGPY,PEDAGOGY
GBHORTU,BROUGHT
DACINOR,ACCORDION|DRACONIAN|DRACONIC
CIKLPRY,PRICKLY
PCDEHIU,HICCUPED|HICCUPPED
TGILNPY,PITYINGLY
PAEHLUV,UPHEAVAL
NADILUV,INDIVIDUAL
PELNOTU,OPULENT
IACEHMT,MATHEMATIC|THEMATIC
BDEIMOV,DIVEBOMB|DIVEBOMBED
ADILNTU,ALTITUDINAL|ATTITUDINAL|LATITUDINAL
HCDELTU,CLUTCHED
NAGHMOY,MAHOGANY
BAEILNP,BIPLANE|PLEBEIAN
PAEMNTY,PAYMENT
GIKNOUW,UNKNOWING
RABDIJL,JAILBIRD
BAEKMNT,EMBANKMENT
VACEINT,INACTIVATE|INACTIVE|VACCINATE
FAGIKLN,FLAKING|FLANKING
AGHLOTU,ALTHOUGH
NEFILOX,FLEXION
MEINOTZ,MEZZOTINT|MONETIZE
EIMOTVY,EMOTIVITY
UADELNQ,UNEQUALED
CAILNPT,APPLICANT
HADELTY,DEATHLY|HEATEDLY
AGLMORU,GLAMOUR
IADEMTY,DAYTIME
VDELNOU,UNEVOLVED|UNLOVED
NCDEOVY,CONVEYED|CONVOYED
IACOPRT,APRICOT|CAPACITOR|PATRIOTIC
OAFLRUV,FLAVORFUL
NEGHIWZ,WHEEZING
OGHLMTY,MYTHOLOGY
PDEITUZ,DEPUTIZE|DEPUTIZED
TDEFGIY,FIDGETY
UACLORT,CALCULATOR|COLORATURA
FIMORTY,MORTIFY
CDELNOW,CLOWNED
FACEPTY,TYPEFACE
AMORTWY,MOTORWAY
PCENOTY,POTENCY
ODEFTUX,OUTFOXED
YABGINR,BRAYING
LBFGORU,BULLFROG
KABCEIL,CLICKABLE
TACILMN,ANTICLIMACTIC|CLAIMANT
OBCEKPT,POCKETBOOK
NAFIMRY,INFIRMARY
ACIMRTU,TRAUMATIC
DCIMOTY,COMMODITY
CDEFNOU,COFOUNDED|CONFOUNDED
MACDEIY,IMMEDIACY
PEGINUX,EXPUNGING
MEKNPTU,UNKEMPT
BACDILO,DIABOLIC|DIABOLICAL
PAGIKLN,PAINKILLING|PLANKING
WCDEKLO,WEDLOCK
YAEGLNO,GENEALOGY
UABELMT,AMBULATE|AMBULETTE|MUTABLE
HAGINPR,GRAPHING|HARPING|PARAGRAPHING
EJMNOTY,ENJOYMENT
LDIORWY,ROWDILY|WORDILY
LEIMNTY,EMINENTLY|IMMINENTLY
NCDEHLU,LUNCHED|UNCLENCHED
MEFILOT,LEITMOTIF
IALRTUV,VIRTUAL
WADELNO,DOWNLOADED
RACJLOU,JOCULAR
NCEIMTX,EXCITEMENT
HEGILNT,ENLIGHTEN|ENLIGHTENING|LENGTHENING|LIGHTEN|LIGHTENING
DABGILN,BALDING|BLADING|DABBLING
YABELOV,LOVEABLY|VOLLEYBALL
FBDEINT,BENEFITED|BENEFITTED
ICDMNOU,CONDOMINIUM
CAELNPT,PENTACLE|PLACENTA|PLACENTAL
ADINOTX,ANTIOXIDANT|OXIDANT|OXIDATION
LADFINW,WINDFALL
PBELOTY,POTBELLY
GAELOTV,VOLTAGE
IACFLOR,CALORIFIC
ACGILOZ,ZOOLOGICAL
TABNOUY,BUOYANT
CABFIKL,BACKFILL
NAEHMOP,PHENOMENA
CAINQTU,ACQUAINT
FCEGINT,EFFECTING|INFECTING
VACENOT,COVENANT
CADEHLN,CHANNELED|DANCEHALL
LADHINY,HANDILY
PCDEMOT,COMPETED
HEILNOT,HOTLINE|NEOLITH
ACEGKMO,GAMECOCK
LBGINRU,BLURRING|BULLRING|BURBLING|BURGLING
NBHIORT,INHIBITOR
BACEILM,AMICABLE|CLAIMABLE|CLIMBABLE
HACIRTU,HAIRCUT
PADEINX,APPENDIX
BACMNOT,COMBATANT|NONCOMBATANT
TCDEIUV,DEDUCTIVE
FDEINTU,FINITUDE|INFINITUDE|UNFITTED|UNIDENTIFIED
CBDEKLO,BLOCKED
GABLNOT,LONGBOAT
EGIKNOV,EVOKING
TGHORUW,OUTGROWTH|WROUGHT
CAEIPTV,CAPTIVATE|CAPTIVE
IDEGLOY,IDEOLOGY
YACDEIN,CYANIDE
IALMORT,IMMORTAL
BADIMNR,MIDBRAIN
CBDEJOT,OBJECTED
TCEINVZ,INCENTIVIZE
MAELNTY,ELEMENTALLY|MENTALLY
ABEGOPY,PAGEBOY
NAIJMRU,MARIJUANA
NABILTY,ATTAINABILITY|BANALITY|INABILITY
IELPTVX,EXPLETIVE
MABINOT,ABOMINATION|AMBITION
BACDEIT,ABDICATE|ABDICATED|DIABETIC
KADEGIN,KNEADING
BDENOTU,BUTTONED|UNBUTTONED|UNDOUBTED
ADEHINW,HEADWIND
UABDILY,AUDIBLY
HAEFLTU,HATEFUL|HEALTHFUL
CAORTUY,AUTOCRACY|CARRYOUT
TAIMRUY,IMMATURITY|MATURITY
MDEHOTU,MOUTHED
EBCHIOT,BIOTECH
IAGLNYZ,ANALYZING
NCEILOX,LEXICON
MHILNOT,MILLIONTH|MONOLITH
AEILNVY,NAIVELY|VENIALLY
ADKORWY,DAYWORK|WORKADAY|WORKDAY|YARDWORK
PABELNO,BEANPOLE|OPENABLE
FGILNOP,FLIPFLOPPING|FLOPPING
RACDLOT,CARTLOAD|DOCTORAL
IBCELNV,INVINCIBLE|VINCIBLE
OACDIMT,DIATOMIC|IDIOMATIC
RADILPY,LAPIDARY|RAPIDLY
NBEFILO,NONBELIEF
CABEHMO,BEACHCOMB
WACGILN,CLAWING
HAEGIMT,MEGAHIT
YAHOPRT,ATROPHY
CDEFINT,DEFICIENT|INFECTED
ABCEFIT,BEATIFIC
NEFIMTY,FEMININITY
LCDGHIO,GODCHILD
MABILOX,MAILBOX
NADORTU,ROTUNDA|TURNAROUND
VADEINT,DEVIANT
CADIRTY,ACRIDITY
LAEHIVY,HEAVILY
PGHINOW,WHOOPING|WHOPPING
ECHKLMO,HEMLOCK
ACMNORY,ACRONYM|MONOCRACY
NABIORW,RAINBOW
YAEIMNT,AMENITY|ANYTIME
TGHILNR,THRILLING
RADMOPU,POMPADOUR
LENOUVY,UNLOVELY
EAHNOPY,PAYPHONE
PABEITZ,BAPTIZE
TABCEJL,EJECTABLE
MAINRTV,VARMINT
UCDEILN,INCLUDE|INCLUDED
CAGINRY,CARRYING
CDEIMOT,COMMITTED|DECOMMIT|DECOMMITTED
BADEGHI,BIGHEAD|BIGHEADED
LADGHIN,HANDLING|HIGHLAND
WDEHNOY,HONEYDEW
NADELYZ,ANALYZED
LADHIOY,HOLIDAY
GADENTU,UNTAGGED
OABEKLN,ANKLEBONE
IDLQTUY,ILLIQUIDITY|LIQUIDITY
EBGMNOY,BOGEYMEN
FAEILMN,FILENAME|INFLAME
ECILMOP,COMPILE|POLEMIC
HEGITWY,WEIGHTY
CAEHLMY,ALCHEMY
MADEILV,MEDIEVAL
OEHINPX,PHOENIX
IDEMNOX,MONOXIDE
TCILNOU,LINOCUT|LOCUTION
TAKLOUW,WALKOUT
FAELPTU,PLATEFUL
RACHIMT,MATRIARCH
BEGILNT,BELITTLING|BELTING|BILLETING|INTELLIGIBLE
YABCILM,AMICABLY
TADEFIX,FIXATED
CABDKOR,BACKBOARD|BACKDOOR|CORKBOARD
EGHMNOY,HEGEMONY|HOMOGENY
VEGILNU,UNVEILING
AHLMNOR,HORMONAL
ADILNTY,DAINTILY
LDEMNPU,PENDULUM
IABELMP,IMPALPABLE
MCDEILO,DOMICILE|DOMICILED|MELODIC
MACEHKT,CHECKMATE|MATCHMAKE
NCEHTUY,CHUTNEY
ADEFHNO,OFFHANDED
OACIMNP,COMPANION
NFIORTU,FRUITION
BADGINO,ABANDONING
TGINOPV,PIVOTING
OCGILRW,COWGIRL
AEHMPTY,EMPATHY
WBDEFLO,BEDFELLOW
IABDLRZ,BLIZZARD
RADFPTU,UPDRAFT
LACNORT,COLORANT|CONTRALTO
IAMNOTV,MOTIVATION
NADHOTU,HANDOUT
CDEKLNU,CLUNKED|KNUCKLED
PDEGINX,EXPENDING
GADNOPR,GRANDPOP|PROPAGANDA
OAFHKRY,HAYFORK
MAGINRT,IMMIGRANT|IMMIGRATING|MARINATING|MIGRANT|MIGRATING
CABDELO,CABOODLE|CODABLE
OEGHNTU,TOUGHEN
LCEFNOU,CONFLUENCE|FLOUNCE
OABCJKT,BOOTJACK|JACKBOOT
IGHNPUW,WHUPPING
IACHLOT,CATHOLIC
IBDEGOT,BIGOTED
CAEMNPT,ENCAMPMENT
ICDLTUY,DUCTILITY|LUCIDITY
DCEHIKL,CHILDLIKE
PADHORT,ARTHROPOD|HARDTOP
FAILORW,AIRFLOW
NABLMOR,ABNORMAL
RABINTV,VIBRANT
YAFILMR,FAMILIARLY
EBCILOT,COLLECTIBLE
ILMNOTU,MULTIMILLION
GCHILNT,GLITCHING
TAGIRVY,GRAVITY
MABCEIN,AMBIANCE|AMBIENCE
TBHILNO,BILLIONTH
LENOPTY,POTENTLY
EACINTX,INEXACT
GEINTUY,INGENUITY
ODGINXZ,OXIDIZING
BADEKMN,EMBANKED
RAHNOTW,HAWTHORN
LACHNTU,UNLATCH
RAGHLMO,HOLOGRAM
TDEIMPU,IMPUTED
FDEILOV,FIVEFOLD
TCHMNOU,COTTONMOUTH
IACLNOY,CANONICALLY|COLONIALLY|CONICALLY|ICONICALLY|LACONICALLY
BADHILN,HANDBILL
NCEFITU,FETTUCCINE
AILOTVY,VOLATILITY
HADELNP,PANHANDLE|PANHANDLED
BEIKLMO,BOOKMOBILE
LEIJNUV,JUVENILE
WAGINPR,WARPING|WRAPPING
OACIKLT,COCKTAIL
HADENTU,HAUNTED|HEADHUNT|HEADHUNTED|UNHEATED
MEHNOTW,HOMETOWN|TOWNHOME
TDGHINO,GOODNIGHT|HOTDOGGING
UCEHLNO,LUNCHEON
EFGILNO,LIFELONG
KACDEHL,CHALKED
IABCELY,CELIBACY
LBEIMNT,BELITTLEMENT
LFGIORY,GLORIFY
NDELPTY,DEPENDENTLY
OAEFLMT,MEATLOAF
TADINOP,ADAPTATION|ADOPTION
EABCKLP,PACKABLE
QEGINTU,QUIETING
CBDEINO,OBEDIENCE
BAGINRV,BRAVING
NGILMUZ,MUZZLING|UNMUZZLING
GADENTV,ADVANTAGE|ADVANTAGED
NADIORY,NONDAIRY|ORDINARY
IAGHLRT,ALRIGHT|ARTHRALGIA
ACGHIPR,GRAPHIC
OACFMTU,FACTOTUM
CAEINPT,ANTICIPATE|CAPACITANCE|INCAPACITATE|PATIENCE|PICANTE|PITTANCE
ACDHINP,HANDICAP
ODENPUX,EXPOUND|EXPOUNDED
IACMORT,AROMATIC
FBELOTU,BOTTLEFUL
CAGHIMN,CHIMICHANGA|MACHINING
VDEFINT,DEFINITIVE
NAILPTY,INAPTLY|PLIANTLY
EACJKLP,APPLEJACK
OBEHNUY,HONEYBUN
AHMNORY,HARMONY
AEGLUVY,VAGUELY
EAGIKNP,PEAKING
OAEHNPT,PANTHEON
RACINOZ,ZIRCONIA
AEGLMPX,MEGAPLEX
OBEILPW,BLOWPIPE
AILNOTZ,INITIALIZATION|LIONIZATION|NATIONALIZATION|TANTALIZATION
FDEGITY,FIDGETY
ICHMRTY,RHYTHMIC
PAILMOT,OPTIMAL
EACHILM,CHEMICAL
BACKLOR,ROLLBACK
TACHMPU,MATCHUP
AEHINPY,EPIPHANY
DEHIKLO,LIKELIHOOD
HACEGLN,CHALLENGE
RBCIOPT,PROBIOTIC
MDENOTU,DENOUEMENT|MOUNTED|UNMOUNTED
TACILUY,ACTUALITY
IDHKNOW,HOODWINK
CEIKLNT,LITTLENECK|TELEKINETIC
PAEGHMO,HOMEPAGE
CADIMNO,NOMADIC
ADILNVY,INVALIDLY
CAEFLTU,EFFECTUAL|FLUCTUATE
TCHIKOP,TOOTHPICK
ICGHNTW,TWITCHING|WITCHING
RACDFIT,DIFFRACT
BDEGLNO,BELONGED|BOONDOGGLE|BOONDOGGLED
NEILPUV,VULPINE
TADILNW,TAILWIND
NADIOPR,PARANOID|RAINDROP
UBDEHLM,HUMBLED
CABLNOR,CORNBALL
FADEKLN,FLANKED
BADGLUY,LADYBUG
OCFINTU,FUNCTION
OAEGHLN,HALOGEN
ACEINTY,TENACITY
CHIMNOP,HOMOPHONIC|MONOPHONIC
TDEGHLN,LENGTHENED
IAGJMNU,UNJAMMING
IACHLRV,ARCHIVAL|ARCHRIVAL|CHIVALRIC
VEGILNO,EVOLVING
FCDEINO,COFFINED|CONFIDE|CONFIDED|CONFIDENCE|CONFINED
ODGHILR,GIRLHOOD
BACEILP,APPLICABLE|CLIPPABLE
NCIMOTU,CONTINUUM
RABDLOY,ADORABLY|BROADLY
EACDTVX,EXCAVATED
OABELMZ,BAMBOOZLE
EFKLMNO,MENFOLK
FACILRY,CLARIFY|FARCICALLY
LADITVY,VALIDITY
OBFGLRU,BULLFROG
DAIMNOT,ADMONITION|DAMNATION|DOMINANT|DOMINATION|INTIMIDATION|NONDOMINANT
NDEIPUZ,UNZIPPED
IFGHLTY,FLIGHTY
RADKLOW,WORKLOAD
OCGINUV,UNCONVINCING
BACDENU,ABUNDANCE
GAILORT,ALLIGATOR|LITIGATOR
HAELNPT,ELEPHANT|PENTATHLETE
UADILPT,PLAUDIT
FABEILN,INEFFABLE|INFALLIBLE
CABKMOR,BACKROOM
GACENOT,COGNATE|COTANGENT
IADLMOR,ARMADILLO
RGNOPUW,GROWNUP
LBENOTV,BENEVOLENT
RAHTUWY,THRUWAY
FDEILPU,UPFIELD
CAINRTY,INTRICACY
NCDEKTU,UNTUCKED
MADLNTY,ADAMANTLY
OCFIMNR,CONFIRM
IACDEHP,HEADPIECE
TDEGILU,GUILTED
ECIMTVZ,VICTIMIZE
FACILNU,FANCIFUL
TABGHIN,BATHING|INHABITING
NAGLOPY,NONAPOLOGY|POLYGONAL
ECGHLOW,COGWHEEL
BEGILNV,BELIEVING|BEVELING|BEVELLING
TCDINOU,CONDUCTION|CONDUIT|INDUCTION
RACDILO,CORDIAL
ODEFITX,DETOXIFIED|TOXIFIED
BGILMNO,BLOOMING
UAGHLMP,GALUMPH
NADJORU,ADJOURN
LAORTVY,LAVATORY
VADELTU,EVALUATED|VALUATED|VAULTED
RACDKPT,TRACKPAD
ACJKOPT,JACKPOT
OGILRVY,VIROLOGY
FAILNTY,FAINTLY|FINALITY|INFANTILITY
PEIKLUY,PUPPYLIKE
PEGHILO,LOGOPHILE
RACINTU,CURTAIN|TACITURN
IDMNOTW,MIDTOWN
CADEIMT,DECIMATE|DECIMATED|EMACIATED|MEDICATE|MEDICATED
LABEGHN,HANGABLE
BELMNOW,NOBLEWOMEN
TABCIKR,BRICKBAT
NAILOPV,PAVILION
PAGIKNR,PARKING|PRANKING
HEGIMNT,NIGHTTIME|THEMING
LACEHNV,AVALANCHE
YADEGLO,LOLLYGAGGED
ICLMOPT,COMPLICIT|IMPOLITIC
GADEMNU,AGENDUM|UNDAMAGED|UNMANAGED
BIKLNOT,INKBLOT
MADEOWY,MEADOWY
WGIKNOR,IRONWORKING|NONWORKING|WORKING
UABLMNT,AMBULANT
DEIMNUZ,IMMUNIZED
NAILPTU,LILLIPUTIAN|NUPTIAL
EBHILTY,BLITHELY
IAOPRTY,TOPIARY
ADEHOPT,POTHEAD
AFINOTX,FIXATION
CDELNOU,CONCLUDE|CONCLUDED
BACELOP,PLACEBO
VCDEGIN,DECEIVING|EVIDENCING
CAHNRUY,RAUNCHY
CGIKNOR,CORKING|CROOKING|ROCKING
BADFLOR,FLOORBOARD
CAEHMNT,ATTACHMENT|CATCHMENT|ENCHANTMENT|ENHANCEMENT
RIMNOPT,PROMOTION
ADGILNZ,DAZZLING
MAELOPY,MAYPOLE
WAMORTY,MOTORWAY
NACKLOU,UNCLOAK
ACDEJNY,ADJACENCY
DEFHIMU,DEHUMIDIFIED|HUMIDIFIED
MCEILNT,CLEMENTINE|INCLEMENT
YCILNOR,CORNILY
PAFILNT,FLIPPANT|PLAINTIFF
TBCDEJO,OBJECTED
LAGINTV,GALLIVANT|GALLIVANTING|VIGILANT
TABIRUY,TRIBUTARY
OBEILMZ,IMMOBILIZE|MOBILIZE
VACDEIT,ACTIVATED|ADDICTIVE|DEACTIVATE|DEACTIVATED|DEDICATIVE
OAMNTXY,TAXONOMY
LBEFINU,BLUEFIN|UNBELIEF
CABEIKL,CLICKABLE
IACEHMN,MACHINE|MECHANIC
WEGHILN,WHEELING
IADHNOT,NATIONHOOD
ADHILNY,HANDILY
EACHKMN,NAMECHECK
GDEILOP,DOGPILE
UGINOQT,QUOTING
ABIORTV,VIBRATO|VIBRATOR
NDEFGLU,ENGULFED|UNFLEDGED
TDGHNOU,DOUGHNUT
PBEGIKN,BEEKEEPING
HACILNO,NONALCOHOLIC
YACILRT,ALACRITY|CLARITY|CRITICALITY|CRITICALLY
NAILMPT,IMPLANT
ACHNOPY,CACOPHONY
HACDEGN,CHANGED
CABDELU,EDUCABLE
OABCGIL,BIOLOGICAL
AHKMOTW,TOMAHAWK
NGHILTY,NIGHTLY
IADLNOV,NONVALID|VINDALOO
CAHORTU,COAUTHOR|CUTTHROAT
MEGILTZ,LEGITIMIZE
AEGIKNW,AWAKENING|WAKENING|WEAKENING
NCDMOPU,COMPOUND
ABCEIKT,BACKBITE|TIEBACK
ICEGLNX,EXCELLING
TAIPRUY,PITUITARY
NABOTUY,BUOYANT
OAGHLTU,ALTHOUGH
MAINOTY,ANONYMITY|ANTIMONY
CDEHIPU,HICCUPED|HICCUPPED
KAGILNR,RANKLING
OABCEHM,BEACHCOMB
OAKMNRW,WORKMAN|WORKWOMAN
BAINORW,RAINBOW
OAEGLTV,VOLTAGE
LADGNRU,GLANDULAR
JGILNOY,JOLLYING
PACENTU,PUNCTUATE|UNACCEPTANCE
HADEILN,HEADLINE|HEADLINED|INHALED|NAILHEAD
TBCEHIO,BIOTECH
CAKLORW,WARLOCK
RAFLOUV,FLAVORFUL
FDEGILN,DEFILING|FIELDING|FLEDGING|FLEDGLING
HAILNOT,ANNIHILATION|INHALATION
RBGINOZ,BRONZING
MAFNORT,FRONTMAN
WCDEHIT,TWITCHED
ICEJNOT,EJECTION|INJECTION
MCDINOU,CONDOMINIUM
UABGILN,BILINGUAL
RALMNOY,NORMALLY
DAIRWYZ,WIZARDRY
UDEINTV,UNINVITED
WDEGILN,DWELLING|WELDING|WIELDING
TABEIPZ,BAPTIZE
HACIORT,CHARIOT|HARICOT|THORACIC
GABEIMT,MEGABIT
NDIKLUY,UNKINDLY
RCDNOTU,CONDUCTOR|NONCONDUCTOR
HDEGILT,DELIGHT|DELIGHTED|HIGHLIGHTED|LIGHTED
BACEHKL,CHECKABLE|HACKABLE
NDEHMOY,HONEYMOONED
AEIKLTV,TALKATIVE
AFIMORV,VARIFORM
CAGHINR,ARCHING|CHAGRIN|CHAIRING|CHARGING|CHARRING|RANCHING
ECILMNY,INCLEMENCY
OAKLTUW,WALKOUT
PFGILNO,FLIPFLOPPING|FLOPPING
HACEKNY,HACKNEY
TBHINOR,INHIBITOR
VACILNO,CONVIVIAL|VOLCANIC
MCDEOPT,COMPETED
RCGIMNP,CRIMPING
ECHIKNT,KITCHEN|KITCHENETTE|THICKEN
BACKLOT,BACKLOT|BOOTBLACK
ABEFILX,FIXABLE
ZAGINOT,ANTAGONIZING
FAINRTY,INFANTRY
CADIMNY,DYNAMIC
OEILNTV,NONVIOLENT|VIOLENT
UBCILPY,PUBLICLY
LDGINUV,DIVULGING
MAIORTV,MOTIVATOR
TABLORY,LABORATORY
DGHNORU,GROUNDHOG
HAOPRTY,ATROPHY
PEHINOX,PHOENIX
UCDEHKN,CHUNKED|UNCHECKED
BAGILMN,AMBLING|BLAMING|GAMBLING
BAELOPT,POTABLE|TABLETOP
ADHILOY,HOLIDAY
FEILMOT,LEITMOTIF
CAIMNOP,COMPANION
ODEIMNZ,DEMONIZE|DEMONIZED
OGIKNTU,UNKNOTTING
IACMOTX,AXIOMATIC
FAGINRT,FARTING|GRAFFITIING|GRAFTING|RAFTING|TARIFFING
ABDHKNO,HANDBOOK
WAHNORT,HAWTHORN
CDEIJNO,CONJOINED
RAFGHTU,FRAUGHT
IABMNOT,ABOMINATION|AMBITION
VDEFILO,FIVEFOLD
TABINRV,VIBRANT
GALMOPY,POLYGAMY
EACFPTY,TYPEFACE
CDILOTY,DOCILITY
RBGINPU,BURPING|UPBRINGING
BAHLMOT,MOTHBALL
HEGINTW,WEIGHTING|WHETTING|WHITENING
MDEGILN,MEDDLING|MELDING|MINGLED
HACDEIK,CHICKADEE
AEIJLNV,JAVELIN|JAVELINA
LCEFHIY,CHIEFLY
EBGILTY,ELIGIBILITY|ILLEGIBILITY|LEGIBILITY
OABCDKR,BACKBOARD|BACKDOOR|CORKBOARD
NCFIORT,FRICTION
TABHILU,HABITUAL|HALIBUT
NABEJOW,JAWBONE
YADEILZ,DIALYZE|DIALYZED
PDGIORY,PRODIGY
DAGIMNT,ADMITTING|INTIMIDATING|MANDATING
AHORTWY,THROWAWAY
ADILNUV,INDIVIDUAL
GFILNVY,VILIFYING
CAHMPTU,MATCHUP
HACEIMT,MATHEMATIC|THEMATIC
LEGHOTY,THEOLOGY
ICELOTV,COLLECTIVE
MDEINOX,MONOXIDE
PAEHNOY,PAYPHONE
ODGINRU,GROUNDING|ROUNDING
OACFILY,OFFICIALLY
MACEGKO,GAMECOCK
GACDELN,CLANGED|GLANCED
RABGLUY,ARGUABLY|BURGLARY
OAEHLNT,ETHANOL|NONLETHAL
EGHINWZ,WHEEZING
KAEFLOT,FOLKTALE
MADNORT,DORMANT|MORDANT
OBHILNT,BILLIONTH
HABMORT,BATHROOM
MDELNPU,PENDULUM
FDGINOU,FOUNDING
TCINOUY,CONTINUITY
OAGHLMR,HOLOGRAM
VCDEINT,VINDICTIVE
ACHIRTU,HAIRCUT
NEJMOTY,ENJOYMENT
PACEHIT,APATHETIC|HEPATIC|PATHETIC
CAINPTY,CAPTAINCY|INCAPACITY
ECHLNOU,LUNCHEON
DGILNOP,DOLLOPING|PLODDING
HABDELU,BULLHEADED
EAFGLOP,FLAGPOLE
CDEIMNT,INDICTMENT
OFIMRTY,MORTIFY
MAGINRW,WARMING
OFGHLTU,THOUGHTFUL
VADEGIN,EVADING
CAGHIPR,GRAPHIC
AHMNOPT,PHANTOM
LAOPRTY,PORTRAYAL
TACEHUX,CHATEAUX
MACDIOT,DIATOMIC|IDIOMATIC
LABEJNY,JELLYBEAN
HADOPRT,ARTHROPOD|HARDTOP
OADNRTU,ROTUNDA|TURNAROUND
TACINQU,ACQUAINT
EBGINOY,BOGEYING|OBEYING
IDMORTY,DORMITORY
NDEILMW,WINDMILLED
TEGIMNZ,ITEMIZING
MAELOPT,PALMETTO
NABEILP,BIPLANE|PLEBEIAN
HAEILVY,HEAVILY
WDEINOP,PINEWOOD
UAMNOTY,AUTONOMY
RACIKMO,MICROCRACK
BACIKLT,BACKLIT|CLICKBAIT|TAILBACK
PADGINT,ADAPTING
EAGILNZ,LEGALIZING
NABDHIL,HANDBILL
ODENQTU,UNQUOTED
LCHOPRY,CHLOROPHYLL
PADEGOY,PEDAGOGY
GCFHILN,FILCHING|FLINCHING
TABCKOU,OUTBACK
ABDEGHI,BIGHEAD|BIGHEADED
CAILMNT,ANTICLIMACTIC|CLAIMANT
MACILOY,COMICALLY
EHMNOTW,HOMETOWN|TOWNHOME
RDGNOTU,GROUNDOUT
KABDEMN,EMBANKED
TADEIMV,MEDITATIVE
PHILNOY,PHONILY
CAEINTX,INEXACT
OGIKNUW,UNKNOWING
NCEFITV,INEFFECTIVE|INFECTIVE
TACKRWY,TRACKWAY
YBCDEOT,BOYCOTTED
OAIMNTZ,ATOMIZATION|MINIMIZATION
HACELNO,NONCHALANCE
UFINORT,FRUITION
PDEIOTV,PIVOTED
LACEHMY,ALCHEMY
TACFKOR,OFFTRACK
OCGHIMN,MOOCHING
NBEILTU,BULLETIN|EBULLIENT
WDHILNO,DOWNHILL
VCEINOT,CONNECTIVE|CONVECTION|CONVECTIVE|CONVENIENT|CONVENTION|EVICTION|INCONVENIENT
UCDEFNO,COFOUNDED|CONFOUNDED
TDEFOUX,OUTFOXED
BAELOPW,PLOWABLE
AIMRTUY,IMMATURITY|MATURITY
FAEGILN,FINAGLE|LEAFING
LACGIMY,MAGICALLY|MYALGIC
FGILNOR,FLOORING
LBGIMOR,IMBROGLIO
NAEHPTY,HYPHENATE